,bar,best,build,builder,campaign,free,gener,googl,group,grouper,keyword,ppc,research,review,softwar,sound,soundbar,tool,top,pred
keyword tool,0.0,0.0,0.0,0.0,0.0,0.0,0.0,0.0,0.0,0.0,0.5669771317063812,0.0,0.0,0.0,0.0,0.0,0.0,0.8237335322311488,0.0,0
free keyword research tool,0.0,0.0,0.0,0.0,0.0,0.6327633928412263,0.0,0.0,0.0,0.0,0.3084411203114069,0.0,0.5510570006422831,0.0,0.0,0.0,0.0,0.44811912035109047,0.0,0
google keyword tool,0.0,0.0,0.0,0.0,0.0,0.0,0.0,0.7582839523613804,0.0,0.0,0.36962623695772584,0.0,0.0,0.0,0.0,0.0,0.0,0.5370120040964401,0.0,0
keyword research tool,0.0,0.0,0.0,0.0,0.0,0.0,0.0,0.0,0.0,0.0,0.3983250885170456,0.0,0.7116425602953481,0.0,0.0,0.0,0.0,0.5787071714037847,0.0,0
campaign building,0.0,0.0,0.7758484328473114,0.0,0.6309193365624253,0.0,0.0,0.0,0.0,0.0,0.0,0.0,0.0,0.0,0.0,0.0,0.0,0.0,0.0,1
ppc campaign generator,0.0,0.0,0.0,0.0,0.4876817167929985,0.0,0.6886274736565609,0.0,0.0,0.0,0.0,0.5366178767346614,0.0,0.0,0.0,0.0,0.0,0.0,0.0,1
how to build ppc campaigns,0.0,0.0,0.6373230432565161,0.0,0.5182705984874768,0.0,0.0,0.0,0.0,0.0,0.0,0.5702761833337296,0.0,0.0,0.0,0.0,0.0,0.0,0.0,1
how do you group keywords,0.0,0.0,0.0,0.0,0.0,0.0,0.0,0.0,0.8237335322311488,0.0,0.5669771317063812,0.0,0.0,0.0,0.0,0.0,0.0,0.0,0.0,0
how to group keywords,0.0,0.0,0.0,0.0,0.0,0.0,0.0,0.0,0.8237335322311488,0.0,0.5669771317063812,0.0,0.0,0.0,0.0,0.0,0.0,0.0,0.0,0
keyword grouper,0.0,0.0,0.0,0.0,0.0,0.0,0.0,0.0,0.0,0.8988937688028384,0.43816662630491277,0.0,0.0,0.0,0.0,0.0,0.0,0.0,0.0,0
keyword grouping software,0.0,0.0,0.0,0.0,0.0,0.0,0.0,0.0,0.5787071714037847,0.0,0.3983250885170456,0.0,0.0,0.0,0.7116425602953481,0.0,0.0,0.0,0.0,0
ppc campaign builder,0.0,0.0,0.0,0.6886274736565609,0.4876817167929985,0.0,0.0,0.0,0.0,0.0,0.0,0.5366178767346614,0.0,0.0,0.0,0.0,0.0,0.0,0.0,1
best software to group keywords,0.0,0.5371237816411168,0.0,0.0,0.0,0.0,0.0,0.0,0.48814148636835347,0.0,0.33598858001856274,0.0,0.0,0.0,0.600272943400542,0.0,0.0,0.0,0.0,2
best soundbar,0.0,0.666820690060494,0.0,0.0,0.0,0.0,0.0,0.0,0.0,0.0,0.0,0.0,0.0,0.0,0.0,0.0,0.7452182011379261,0.0,0.0,2
best sound bar review,0.5450855948182756,0.42476184253420135,0.0,0.0,0.0,0.0,0.0,0.0,0.0,0.0,0.0,0.0,0.0,0.47470071178603057,0.0,0.5450855948182756,0.0,0.0,0.0,2
top soundbar review,0.0,0.0,0.0,0.0,0.0,0.0,0.0,0.0,0.0,0.0,0.0,0.0,0.0,0.5489429347180809,0.0,0.0,0.5489429347180809,0.0,0.6303358698711359,2
